1,Coordinator-1,Coord1@gmail.com,109,
101,"Alex Lee",alex.lee@gmail.com,117,
102,"Sam Kim",sam.kim@gmail.com,118,
103,"Jordan Smith",jordan.smith@gmail.com,119,
104,"Taylor Brown",taylor.brown@gmail.com,120,
105,"Morgan Davis",morgan.davis@gmail.com,121,
106,"Casey Wilson",casey.wilson@gmail.com,122,
107,"Jamie Clark",jamie.clark@gmail.com,123,
108,"Drew Martinez",drew.martinez@gmail.com,124,
109,"Robin Adams",robin.adams@gmail.com,125,
110,"Avery Johnson",avery.johnson@gmail.com,126,
